product_name,node_name,price_sales_shipped,cost_total,profit,marketing_promotion,sales_admin_cost,SGA_total,logistics_costs,warehouse_cost,direct_materials_costs,tariff_cost,purchase_total_cost,prod_indirect_labor,prod_indirect_others,direct_labor_costs,depreciation_others,manufacturing_overhead
SOC_A18,SOC_TAIWAN_FAB,96.6,92.0,4.6,0,1.84,1.84,7.36,0,69.0,0,76.36,2.76,0,6.44,6.44,9.2
SOC_A18,ASM_CHINA_MAIN,96.6,92.0,4.6,0,1.84,1.84,7.36,0,69.0,0,76.36,2.76,0,6.44,6.44,9.2
SOC_A18,ASM_INDIA_MAIN,96.6,92.0,4.6,0,1.84,1.84,7.36,0,69.0,0,76.36,2.76,0,6.44,6.44,9.2
SOC_A18,ASM_VIETNAM_MAIN,96.6,92.0,4.6,0,1.84,1.84,7.36,0,69.0,0,76.36,2.76,0,6.44,6.44,9.2
OLED_68,DISPLAY_KOREA_PLANT,81.9,78.0,3.9,0,1.56,1.56,6.24,0,58.5,0,64.74,2.34,0,5.46,5.46,7.8
OLED_68,ASM_CHINA_MAIN,81.9,78.0,3.9,0,1.56,1.56,6.24,0,58.5,0,64.74,2.34,0,5.46,5.46,7.8
OLED_68,ASM_INDIA_MAIN,81.9,78.0,3.9,0,1.56,1.56,6.24,0,58.5,0,64.74,2.34,0,5.46,5.46,7.8
OLED_68,ASM_VIETNAM_MAIN,81.9,78.0,3.9,0,1.56,1.56,6.24,0,58.5,0,64.74,2.34,0,5.46,5.46,7.8
MEM_256,MEM_CHINA_PLANT,44.1,42.0,2.1,0,0.84,0.84,3.36,0,31.5,0,34.86,1.26,0,2.94,2.94,4.2
MEM_256,ASM_CHINA_MAIN,44.1,42.0,2.1,0,0.84,0.84,3.36,0,31.5,0,34.86,1.26,0,2.94,2.94,4.2
MEM_256,ASM_INDIA_MAIN,44.1,42.0,2.1,0,0.84,0.84,3.36,0,31.5,0,34.86,1.26,0,2.94,2.94,4.2
MEM_256,ASM_VIETNAM_MAIN,44.1,42.0,2.1,0,0.84,0.84,3.36,0,31.5,0,34.86,1.26,0,2.94,2.94,4.2
CAM_PRO,CAM_JAPAN_MODULE,57.75,55.0,2.75,0,1.1,1.1,4.4,0,41.25,0,45.65,1.65,0,3.85,3.85,5.5
CAM_PRO,ASM_CHINA_MAIN,57.75,55.0,2.75,0,1.1,1.1,4.4,0,41.25,0,45.65,1.65,0,3.85,3.85,5.5
CAM_PRO,ASM_INDIA_MAIN,57.75,55.0,2.75,0,1.1,1.1,4.4,0,41.25,0,45.65,1.65,0,3.85,3.85,5.5
CAM_PRO,ASM_VIETNAM_MAIN,57.75,55.0,2.75,0,1.1,1.1,4.4,0,41.25,0,45.65,1.65,0,3.85,3.85,5.5
BATT_X,BATT_CHINA_PLANT,18.9,18.0,0.9,0,0.36,0.36,1.44,0,13.5,0,14.94,0.54,0,1.26,1.26,1.8
BATT_X,ASM_CHINA_MAIN,18.9,18.0,0.9,0,0.36,0.36,1.44,0,13.5,0,14.94,0.54,0,1.26,1.26,1.8
BATT_X,ASM_INDIA_MAIN,18.9,18.0,0.9,0,0.36,0.36,1.44,0,13.5,0,14.94,0.54,0,1.26,1.26,1.8
BATT_X,ASM_VIETNAM_MAIN,18.9,18.0,0.9,0,0.36,0.36,1.44,0,13.5,0,14.94,0.54,0,1.26,1.26,1.8
HOUSING_AL,HOUSING_VN_PLANT,14.7,14.0,0.7,0,0.28,0.28,1.12,0,10.5,0,11.62,0.42,0,0.98,0.98,1.4
HOUSING_AL,ASM_CHINA_MAIN,14.7,14.0,0.7,0,0.28,0.28,1.12,0,10.5,0,11.62,0.42,0,0.98,0.98,1.4
HOUSING_AL,ASM_INDIA_MAIN,14.7,14.0,0.7,0,0.28,0.28,1.12,0,10.5,0,11.62,0.42,0,0.98,0.98,1.4
HOUSING_AL,ASM_VIETNAM_MAIN,14.7,14.0,0.7,0,0.28,0.28,1.12,0,10.5,0,11.62,0.42,0,0.98,0.98,1.4
PCB_MAIN,PCB_TH_PLANT,16.8,16.0,0.8,0,0.32,0.32,1.28,0,12.0,0,13.28,0.48,0,1.12,1.12,1.6
PCB_MAIN,ASM_CHINA_MAIN,16.8,16.0,0.8,0,0.32,0.32,1.28,0,12.0,0,13.28,0.48,0,1.12,1.12,1.6
PCB_MAIN,ASM_INDIA_MAIN,16.8,16.0,0.8,0,0.32,0.32,1.28,0,12.0,0,13.28,0.48,0,1.12,1.12,1.6
PCB_MAIN,ASM_VIETNAM_MAIN,16.8,16.0,0.8,0,0.32,0.32,1.28,0,12.0,0,13.28,0.48,0,1.12,1.12,1.6
PKG_BOX,PKG_INDIA_PLANT,3.68,3.5,0.18,0,0.07,0.07,0.28,0,2.62,0,2.91,0.1,0,0.25,0.25,0.35
PKG_BOX,ASM_CHINA_MAIN,3.68,3.5,0.18,0,0.07,0.07,0.28,0,2.62,0,2.91,0.1,0,0.25,0.25,0.35
PKG_BOX,ASM_INDIA_MAIN,3.68,3.5,0.18,0,0.07,0.07,0.28,0,2.62,0,2.91,0.1,0,0.25,0.25,0.35
PKG_BOX,ASM_VIETNAM_MAIN,3.68,3.5,0.18,0,0.07,0.07,0.28,0,2.62,0,2.91,0.1,0,0.25,0.25,0.35
