node_name,product_name,purchase_cost_per_lot,ship_price_per_lot,inventory_unit_value_per_lot,variable_cost_per_lot,fixed_cost_per_week,tax_rate,currency,effective_from_week,effective_to_week,remarks
supply_point,IPHONE_NM_2028_BASE,0,0,0,0,0,0.10,USD,202601,202652,global office / no commercial valuation
supply_point,IPHONE_NM_2028_PRO,0,0,0,0,0,0.10,USD,202601,202652,global office / no commercial valuation
MOM_final_assy_ASIA,IPHONE_NM_2028_BASE,823650,969000,852720,40000,12000,0.10,USD,202601,202652,aligned to sample cost/price logic
MOM_final_assy_ASIA,IPHONE_NM_2028_PRO,923650,1099000,952720,45000,13000,0.10,USD,202601,202652,pro variant higher unit economics
MOM_final_assy_EURO,IPHONE_NM_2028_BASE,823650,969000,852720,42000,12500,0.10,USD,202601,202652,euro final assembly
MOM_final_assy_EURO,IPHONE_NM_2028_PRO,923650,1099000,952720,47000,13500,0.10,USD,202601,202652,euro final assembly pro
PAD_final_assy_ASIA,IPHONE_NM_2028_BASE,780000,872100,872100,30000,9000,0.10,USD,202601,202652,upstream assembly node
PAD_final_assy_ASIA,IPHONE_NM_2028_PRO,880000,972100,972100,34000,10000,0.10,USD,202601,202652,upstream assembly node pro
PAD_final_assy_EURO,IPHONE_NM_2028_BASE,790000,882100,882100,31000,9500,0.10,USD,202601,202652,upstream assembly euro
PAD_final_assy_EURO,IPHONE_NM_2028_PRO,890000,982100,982100,35000,10500,0.10,USD,202601,202652,upstream assembly euro pro
DAD_FAS_AMER,IPHONE_NM_2028_BASE,794580,969000,1000000,68000,3000,0.10,USD,202601,202652,amer outbound yard
DAD_FAS_AMER,IPHONE_NM_2028_PRO,894580,1099000,1100000,76000,3500,0.10,USD,202601,202652,amer outbound yard pro
DAD_FAS_EURO,IPHONE_NM_2028_BASE,794580,969000,1000000,69000,3000,0.10,USD,202601,202652,euro outbound yard
DAD_FAS_EURO,IPHONE_NM_2028_PRO,894580,1099000,1100000,77000,3500,0.10,USD,202601,202652,euro outbound yard pro
DAD_FAS_APAC,IPHONE_NM_2028_BASE,794580,969000,1009564.2857,71404,3000,0.10,USD,202601,202652,apac outbound yard, tuned to current demo
DAD_FAS_APAC,IPHONE_NM_2028_PRO,894580,1099000,1109564.2857,80404,3500,0.10,USD,202601,202652,apac outbound yard pro
WS_NA,IPHONE_NM_2028_BASE,969000,999000,1010000,35000,5000,0.10,USD,202601,202652,na warehouse
WS_NA,IPHONE_NM_2028_PRO,1099000,1149000,1110000,39000,5500,0.10,USD,202601,202652,na warehouse pro
WS_EU,IPHONE_NM_2028_BASE,969000,1005000,1015000,36000,5200,0.10,USD,202601,202652,eu warehouse
WS_EU,IPHONE_NM_2028_PRO,1099000,1155000,1115000,40000,5700,0.10,USD,202601,202652,eu warehouse pro
WS_APAC,IPHONE_NM_2028_BASE,969000,995000,1005000,35000,5000,0.10,USD,202601,202652,apac warehouse
WS_APAC,IPHONE_NM_2028_PRO,1099000,1145000,1105000,39000,5500,0.10,USD,202601,202652,apac warehouse pro
RT_US_ONLINE,IPHONE_NM_2028_BASE,999000,1049000,0,12000,2000,0.10,USD,202601,202652,online retail channel
RT_US_ONLINE,IPHONE_NM_2028_PRO,1149000,1199000,0,15000,2500,0.10,USD,202601,202652,online retail channel pro
RT_JP_APPLE,IPHONE_NM_2028_BASE,1005000,1055000,0,13000,2200,0.10,USD,202601,202652,japan retail channel
RT_JP_APPLE,IPHONE_NM_2028_PRO,1155000,1205000,0,16000,2700,0.10,USD,202601,202652,japan retail channel pro
RT_IN_ASPIRER,IPHONE_NM_2028_BASE,995000,1020000,0,11000,1800,0.10,USD,202601,202652,india channel
RT_IN_ASPIRER,IPHONE_NM_2028_PRO,1145000,1180000,0,14000,2300,0.10,USD,202601,202652,india channel pro
CS_US_PREMIUM,IPHONE_NM_2028_BASE,1049000,1199000,0,0,0,0.10,USD,202601,202652,us premium sell-out node
CS_US_PREMIUM,IPHONE_NM_2028_PRO,1199000,1399000,0,0,0,0.10,USD,202601,202652,us premium sell-out node pro
CS_US_MAINSTREAM,IPHONE_NM_2028_BASE,1049000,1099000,0,0,0,0.10,USD,202601,202652,us mainstream sell-out node
CS_US_MAINSTREAM,IPHONE_NM_2028_PRO,1199000,1299000,0,0,0,0.10,USD,202601,202652,us mainstream sell-out node pro
CS_JP_REPLACEMENT,IPHONE_NM_2028_BASE,1055000,1134000,0,0,0,0.10,USD,202601,202652,japan replacement sell-out node
CS_JP_REPLACEMENT,IPHONE_NM_2028_PRO,1205000,1334000,0,0,0,0.10,USD,202601,202652,japan replacement sell-out node pro
CS_CN_PREMIUM,IPHONE_NM_2028_BASE,1020000,1134000,0,0,0,0.10,USD,202601,202652,china premium sell-out node
CS_CN_PREMIUM,IPHONE_NM_2028_PRO,1180000,1334000,0,0,0,0.10,USD,202601,202652,china premium sell-out node pro
CS_IN_ASPIRER,IPHONE_NM_2028_BASE,1020000,1080000,0,0,0,0.10,USD,202601,202652,india aspirer sell-out node
CS_IN_ASPIRER,IPHONE_NM_2028_PRO,1180000,1280000,0,0,0,0.10,USD,202601,202652,india aspirer sell-out node pro